-- phpMyAdmin SQL Dump
-- version 4.9.4
-- https://www.phpmyadmin.net/
--
-- Počítač: localhost
-- Vytvořeno: Sob 13. kvě 2023, 23:50
-- Verze serveru: 10.3.25-MariaDB-0+deb10u1
-- Verze PHP: 5.6.36-0+deb8u1

SET SQL_MODE = "NO_AUTO_VALUE_ON_ZERO";
SET AUTOCOMMIT = 0;
START TRANSACTION;
SET time_zone = "+00:00";


/*!40101 SET @OLD_CHARACTER_SET_CLIENT=@@CHARACTER_SET_CLIENT */;
/*!40101 SET @OLD_CHARACTER_SET_RESULTS=@@CHARACTER_SET_RESULTS */;
/*!40101 SET @OLD_COLLATION_CONNECTION=@@COLLATION_CONNECTION */;
/*!40101 SET NAMES utf8mb4 */;

--
-- Databáze: `4b2_zubarevaruslana_db1`
--

-- --------------------------------------------------------

--
-- Struktura tabulky `tbAuthors`
--

CREATE TABLE `tbAuthors` (
  `Id` int(11) NOT NULL,
  `Name` varchar(50) COLLATE utf8_czech_ci NOT NULL,
  `Surname` varchar(50) COLLATE utf8_czech_ci NOT NULL,
  `AuthDesc` varchar(200) COLLATE utf8_czech_ci NOT NULL,
  `Email` varchar(100) COLLATE utf8_czech_ci DEFAULT NULL,
  `Password` varchar(150) COLLATE utf8_czech_ci DEFAULT NULL,
  `IsAdmin` tinyint(1) NOT NULL
) ENGINE=InnoDB DEFAULT CHARSET=utf8 COLLATE=utf8_czech_ci;

--
-- Vypisuji data pro tabulku `tbAuthors`
--

INSERT INTO `tbAuthors` (`Id`, `Name`, `Surname`, `AuthDesc`, `Email`, `Password`, `IsAdmin`) VALUES
(1, 'Božena', 'Němcová', 'Božena Němcová, rodným jménem Barbora Novotná, později Barbora Panklová byla česká spisovatelka.', '', '', 1),
(2, 'Karel', 'Čapek', 'Karel Čapek byl český spisovatel, intelektuál, novinář, dramatik, překladatel a amatérský fotograf.', '', '', 0),
(3, 'Ota', 'Pavel', 'Ota Pavel, vlastním jménem Otto Popper, byl český prozaik, novinář a sportovní reportér.', '', '', 0),
(4, 'Oscar', 'Wilde', 'Oscar Fingal O’Flahertie Wills Wilde byl v Anglii působící dramatik, prozaik a básník.', '', '', 0),
(10, 'Ruslana', 'Zubareva', 'Nový autor z Prahy <3', 'ruslanka@admin.cz', '$2y$10$kP4163LDfjLhSAg0vOcCjui.WRz6w1GypggpkdUm2svxL6kbgwvFC', 0),
(11, 'Michal', 'Stanko', 'misaa', 'michal@admin.cz', '$2y$10$T1j4JS3C6cxNw744x6Hbduval7TN5VviOFNFMwQjACidQt6ayQjpS', 1);

-- --------------------------------------------------------

--
-- Struktura tabulky `tbCategories`
--

CREATE TABLE `tbCategories` (
  `Id` int(11) NOT NULL,
  `CatName` varchar(50) COLLATE utf8_czech_ci NOT NULL,
  `Description` varchar(100) COLLATE utf8_czech_ci NOT NULL
) ENGINE=InnoDB DEFAULT CHARSET=utf8 COLLATE=utf8_czech_ci;

--
-- Vypisuji data pro tabulku `tbCategories`
--

INSERT INTO `tbCategories` (`Id`, `CatName`, `Description`) VALUES
(1, 'IT', 'Ty nejnovější zprávy ze světa IT. Už Vám nic neunikne!'),
(2, 'Jídlo', 'Nápady a tipy na skvělé recepty pro celou rodinu.'),
(3, 'Domácnost', 'Nápady a tipy pro zkrášlení Vaší domácnosti.'),
(4, 'Vztahy', 'Pomůžeme Vám lépe porozumět Vašim vztahům.'),
(6, 'Zdraví', 'Tipy a triky jak zůstávat pořád zdraví.'),
(9, 'Psychologie', 'Pochopte lépe sami sebe i své okolí.');

-- --------------------------------------------------------

--
-- Struktura tabulky `tbPost`
--

CREATE TABLE `tbPost` (
  `Id` int(11) NOT NULL,
  `IdAuthor` int(11) NOT NULL,
  `IdCategory` int(11) NOT NULL,
  `Title` varchar(200) COLLATE utf8_czech_ci NOT NULL,
  `Date` datetime NOT NULL DEFAULT current_timestamp(),
  `Content` text COLLATE utf8_czech_ci NOT NULL,
  `Preview` text COLLATE utf8_czech_ci NOT NULL,
  `Active` tinyint(1) NOT NULL
) ENGINE=InnoDB DEFAULT CHARSET=utf8 COLLATE=utf8_czech_ci;

--
-- Vypisuji data pro tabulku `tbPost`
--

INSERT INTO `tbPost` (`Id`, `IdAuthor`, `IdCategory`, `Title`, `Date`, `Content`, `Preview`, `Active`) VALUES
(1, 1, 1, 'Jan Kameníček: 3 zásadní trendy v IT tak určitě', '2023-03-18 12:43:45', '<div class=\"vc_col-sm-3/5 wpb_column vc_column_container\">\r\n<div class=\"vc_column-inner us_custom_735b77a3\">\r\n<div class=\"wpb_wrapper\">\r\n<div class=\"w-post-elm post_content us_custom_211054ed\">\r\n<p>Na současn&eacute; IT dopad&aacute; řada extern&iacute;ch vlivů, kter&eacute; z&aacute;sadn&iacute;m způsobem ovlivňuj&iacute; jeho současnou podobu. Jan Kamen&iacute;ček, gener&aacute;ln&iacute; ředitel HPE v Česku, identifikoval tři nejdůležitěj&scaron;&iacute; (a vz&aacute;jemně propojen&eacute;) trendy, kter&eacute; o sobě už v současnosti d&aacute;vaj&iacute; silně vědět. Proč by měly firmy okamžitě přej&iacute;t na kontejnerov&eacute; aplikace, jak&eacute; posuny slibuje uměl&aacute; inteligence a jak se proměňuje pr&aacute;ce s daty, se dozv&iacute;te v nejnověj&scaron;&iacute;m čl&aacute;nku.</p>\r\n<p><strong>Kontejnerizace usnadňuje testov&aacute;n&iacute;, běh i update aplikac&iacute;</strong></p>\r\n<p><em>&bdquo;Jeden z nejv&yacute;znamněj&scaron;&iacute;ch trendů v IT, kter&yacute; prob&iacute;h&aacute; u v&scaron;ech velk&yacute;ch hr&aacute;čů už nyn&iacute;, je bezpochyby změna způsobu, jak&yacute;m se p&iacute;&scaron;&iacute;, provozuj&iacute; a nasazuj&iacute; aplikace,&ldquo; </em>vysvětluje Jan Kamen&iacute;ček. Tento trend by se dal obecně označit jako kontejnerizace a s n&iacute; spojen&aacute; proměna kultury a procesn&iacute;ch sch&eacute;mat ve firmě.</p>\r\n<p><em>&bdquo;Kontejnerizace umožňuje velmi rychl&eacute; nasazov&aacute;n&iacute; aplikac&iacute;, testov&aacute;n&iacute; jednotliv&yacute;ch č&aacute;st&iacute; nebo jejich updaty klidně i na denn&iacute; b&aacute;zi bez nutnosti odst&aacute;vek syst&eacute;mu, což ve star&eacute;m modelu nebylo možn&eacute;,&ldquo;</em> popisuje v&yacute;hody Kamen&iacute;ček. Doprogramov&aacute;n&iacute; jak&eacute;koliv změny v dř&iacute;věj&scaron;&iacute;ch aplikac&iacute;ch vyžadovalo velmi opatrn&eacute; z&aacute;sahy do složit&eacute;ho k&oacute;du, komplexn&iacute; testov&aacute;n&iacute; cel&eacute;ho syst&eacute;mu a komplikovan&eacute; nasazen&iacute; &bdquo;aplikačn&iacute;ho monstra&ldquo; do zastaven&eacute;ho provozu. Dnes to ale funguje jinak.</p>\r\n<blockquote>\r\n<p>Jan Kamen&iacute;ček: Změna způsobu, jak&yacute;m se p&iacute;&scaron;&iacute;, provozuj&iacute; a nasazuj&iacute; aplikace. To je kontejnerizace.</p>\r\n</blockquote>\r\n<p>D&iacute;ky kontejnerizaci aplikac&iacute; lze dnes vyjmout a upravit konkr&eacute;tn&iacute; č&aacute;st aplikace bez toho, aby byl provoz firmy nějak ohrožen. I proto dnes v&scaron;echny vět&scaron;&iacute; firmy přev&aacute;děj&iacute; alespoň č&aacute;st sv&eacute;ho provozu do kontejnerov&eacute; platformy. Ide&aacute;ln&iacute; je dnes m&iacute;t souběh původn&iacute;ch &bdquo;legacy&ldquo; aplikac&iacute; s těmi nov&yacute;mi, protože ne v&scaron;echny aplikace dnes d&aacute;v&aacute; smysl provozovat ve formě kontejnerů.</p>\r\n<p><strong>Uměl&aacute; inteligence dnes předv&aacute;d&iacute; zlomek toho, co um&iacute;</strong></p>\r\n<p><em>&bdquo;ChatGPT ned&aacute;vno i &scaron;irok&eacute; veřejnosti naznačil, jak&eacute; možnosti v sobě skr&yacute;v&aacute; uměl&aacute; inteligence a jak dok&aacute;že poměrně brilantně pom&aacute;hat v různ&yacute;ch oborech. A to je teprve zač&aacute;tek. Jde jen o jakousi testovac&iacute; &sbquo;ochutn&aacute;vku&lsquo; &scaron;irok&yacute;ch možnost&iacute; AI. Až d&iacute;ky medializaci projektu OpenAI lid&eacute; pochopili, že bude uměl&aacute; inteligence zefektivňovat, nebo dokonce nahrazovat někter&eacute; lidsk&eacute; činnosti,&ldquo;</em> popisuje se zaujet&iacute;m Jan Kamen&iacute;ček.</p>\r\n<p>Uměl&aacute; inteligence se nav&iacute;c neust&aacute;le zdokonaluje a uč&iacute; každ&yacute;m nov&yacute;m dotazem od každ&eacute;ho ze sv&yacute;ch uživatelů. V kombinaci s informacemi z&iacute;skan&yacute;mi z otevřen&eacute;ho internetu nebude trvat dlouho, než bude jej&iacute; činnost v mnoha oborech t&eacute;měř dokonal&aacute;. Ale jedna z jej&iacute;ch slabin je např&iacute;klad značn&yacute; v&yacute;početn&iacute; v&yacute;kon, kter&yacute; ke sv&eacute;mu provozu potřebuje. A zde se prom&iacute;t&aacute; dal&scaron;&iacute; d&iacute;lč&iacute; trend, kter&yacute;m je n&aacute;stup superpoč&iacute;tačů.</p>\r\n<p><strong>Pr&aacute;ce s daty bude z&aacute;kladem v&scaron;eho</strong></p>\r\n<p>Se superpoč&iacute;tači a umělou inteligenc&iacute; jde ruku v ruce i st&aacute;le vět&scaron;&iacute; důraz na efektivn&iacute; pr&aacute;ci s daty, bez kter&eacute; se ž&aacute;dn&aacute; velk&aacute; firma v současnosti neobejde.<em> &bdquo;Doned&aacute;vna jsme s daty pracovali prim&aacute;rně v datab&aacute;z&iacute;ch,&ldquo; </em>popisuje Kamen&iacute;ček. <em>&bdquo;Vzali jsme data, strukturovaně jsme je dali do vybran&eacute;ho form&aacute;tu a pot&eacute; jsme v nich ručně nebo poloautomatizovaně hledali nějak&eacute; vzorce podle kl&iacute;če, kter&yacute; jsme si zrovna vybrali. Vět&scaron;ina firem v&scaron;ak nebyla schopn&aacute; tato data využ&iacute;vat efektivně a operativně se podle nich v re&aacute;ln&eacute;m čase zař&iacute;dit.&ldquo;</em></p>\r\n<blockquote>\r\n<p><em>Predikce, sledov&aacute;n&iacute; trendů a optimalizace jsou &uacute;kony, se kter&yacute;mi si uměl&aacute; inteligence superpoč&iacute;tačů pracuj&iacute;c&iacute; s daty porad&iacute; l&eacute;pe a rychleji než lidsk&yacute; mozek.</em></p>\r\n</blockquote>\r\n<p>Existuj&iacute; v&scaron;ak i &bdquo;světl&eacute; v&yacute;jimky&ldquo;, kter&eacute; byly schopn&eacute; využ&iacute;vat umělou inteligenci už dř&iacute;ve a prakticky si na n&iacute; založily svůj byznys. Jako př&iacute;klad takov&eacute; společnosti Jan Kamen&iacute;ček uv&aacute;d&iacute; Amazon, kter&yacute; dok&aacute;že poměrně přesně předpokl&aacute;dat, jak se v dan&eacute; č&aacute;sti světa v souvislosti na řadě extern&iacute;ch podnětů měn&iacute; popt&aacute;vka po konkr&eacute;tn&iacute;ch produktech.</p>\r\n<p><em>&bdquo;Tento trend č&iacute;m d&aacute;l v&iacute;c prostupuje celou společnost&iacute; a spr&aacute;vně využ&iacute;vat data um&iacute; č&iacute;m d&aacute;l v&iacute;c firem. HPE se tomuto trendu snaž&iacute; j&iacute;t naproti stavbou extr&eacute;mně v&yacute;konn&yacute;ch superpoč&iacute;tačů pro zpracov&aacute;n&iacute; dat. V minul&eacute;m roce </em><em>jsme postavili prvn&iacute; exascale poč&iacute;tač, kter&yacute; zvl&aacute;dne 10<sup>18</sup> Floating-point operac&iacute; za vteřinu. Kdyby v&scaron;ichni lid&eacute; na planetě dělali jednu transakci za sekundu, stihnou za &scaron;est let to, co tahle ma&scaron;ina provede &scaron;edes&aacute;tkr&aacute;t do minuty.</em> <em>To je obrovsk&aacute; v&yacute;početn&iacute; s&iacute;la. Predikce, sledov&aacute;n&iacute; trendů a optimalizace jsou &uacute;kony, se kter&yacute;mi si uměl&aacute; inteligence superpoč&iacute;tačů pracuj&iacute;c&iacute; s daty porad&iacute; l&eacute;pe a rychleji než lidsk&yacute; mozek,</em>&ldquo; uzav&iacute;r&aacute; Jan Kamen&iacute;ček.</p>\r\n</div>\r\n</div>\r\n</div>\r\n</div>', '<p>Kontejnerizace aplikac&iacute;, uměl&aacute; inteligence či pr&aacute;ce s daty s využit&iacute;m superpoč&iacute;tačů &ndash; trendy, kter&eacute; h&yacute;bou IT světem</p>', 1),
(2, 2, 4, 'Skrytý význam květin. Chce se s vámi rozejít, nebo vám vyznat lásku?', '2023-03-18 13:40:33', '<div class=\"\"><div class=\"Ud5f8c786370f5434d68c23ae5c6eeba6\"><!-- ads | Desktop | rectangle_480_1 | article | blesk | pos: 8 -->\r\n\r\n<!-- GAM -->\r\n<!-- px2 medium_rectangle  --><script src=\"https://prozeny.blesk.cz/TGNfS6EZhJbQayJKUckMn8VFHahe/mrLtWfUoh30kkMK74hianMxTtk/ZCBu0OOCoPacE\" data-render=\"{slot:{domain:prozeny.blesk.cz,name:medium_rectangle,tags:[]}}\" async=\"\" data-state=\"done\"></script><div><div class=\"px-w-s-prozeny-blesk-cz-medium-rectangle\" data-visible=\"100\"><!-- req_id 1679142400-7762868146 --><div class=\"px-creative\" data-id=\"72924\"><script id=\"px-uta-block\">\r\n    !function(){\r\n    var currentScript = document.currentScript;\r\n    document.currentScript.id = \"px-uta-block\";\r\n    createElement(\'link\', {\r\n        href: \"https://prozeny.blesk.cz/TG1ZjA1kBOqwXof1ocRzS6t716dY/GPkIUDNxS4ZI4z9GoMmB26SSWA/ILMn0nB2OCoPacE\",\r\n        rel: \"stylesheet\"\r\n    });\r\n    var js1 = createElement(\'script\', {\r\n        src: \"https://prozeny.blesk.cz/TG1O4XChFTjkIsXbzZKhvZuMdX6x/CbEAPFVpl9biOSV8ZUb7BiM34T/TQECOCoPacE\",\r\n        async: true,\r\n        onload: loaded,\r\n        isSzn: 1\r\n    });\r\n    var js2 = createElement(\'script\', {\r\n        src: \"https://prozeny.blesk.cz/TGNfS6EZhJbQayJKUckMn8VFHahe/mrLuitgyZ0nQOUp3TYej1J8y3s/7GTkXIOCoPacE\",\r\n        async: true,\r\n        onload: loaded\r\n    });\r\n\r\n    function createElement(name, attrs) {\r\n        var elem = document.createElement(name);\r\n        for (var attr in (attrs || {})) {\r\n            elem[attr] = attrs[attr];\r\n        }\r\n        document.head.appendChild(elem);\r\n        return elem;\r\n    }\r\n\r\n    function loaded() {\r\n        this.loaded = true;\r\n        if (this.isSzn) {\r\n            ZpYlaVcaDtiKceQ.conf.documentWriteOverride = false;\r\n            //ZpYlaVcaDtiKceQ.conf.site = \'https://www.aktualne.cz\';\r\n\r\n        }\r\n        if (js1.loaded && js2.loaded) {\r\n            pxBReady();\r\n        }\r\n    }\r\n\r\n    function pxBReady() {\r\n        ZpYlaVcaDtiKceQ.getAds([{\r\n            \"id\": \"px-id-209621\",\r\n            \"zoneId\": 209621,\r\n            \"width\": 300,\r\n            \"height\": 250,\r\n            config: {\r\n                addCloseButton: false,\r\n                addAdLabel: true,\r\n                //class: \'fixed\', // adbox dostane dalsi class (popup -> .fixed ; vignette -> .vignette)\r\n                style: \'#{{id}} .px-img {width: 20%; text-align: center;}\' +\r\n                    \'#{{id}} .px-img {flex: auto; text-align: left;}\' +\r\n                    \'#{{id}} .px-ad:nth-of-type(1)  {padding-bottom: 10px; margin-bottom: 10px;display: flex;}\' +\r\n                    \'#{{id}} .px-title {color:#ff0000; font-family: Arial, sans-serif; font-size: 22px; text-decoration:unerline;font-weight: 900;}\' +\r\n                    \'#{{id}} .px-drtg-text {flex:5;}\' +\r\n                    \'#{{id}} .px-title:hover {color:#000000; text-decoration: none;}\' +\r\n                    \'#{{id}} .px-desc {color:#000000; text-decoration: none; font-size:15px;font-family: Arial, sans-serif;}\' +\r\n                    \'#{{id}} .px-url {color:#ff0000; text-decoration: none; font-size:16px; font-weight: 700;}\' +\r\n                    \'#{{id}} .px-price {background: #dc0032; color: #fff; border: inherit; border-radius: inherit; font-weight: bold;}\',\r\n                /*position: { // pokud potrebuji umistit nekam jinam nez je defaultne vlozeny\r\n                  insert: \"after\", // append, before, after\r\n                  selector: \".social-container-bottom\"\r\n                },*/\r\n                // pokud neni velikost, obrazek se nevykresluje\r\n                imgWidth: 230, // samo najde nejvhodnejsi velikost podle adType/screenshot\r\n                imgHeight: 250,\r\n                texts: {\r\n                    buy: \'Koupit za\', // call-to-action\r\n                    close: \'Zavřít reklamu\',\r\n                    adLabel: \'Rekl amy\'\r\n                }\r\n            },\r\n            callback: function(ad, options) {\r\n                // vykresleni\r\n                createPxSssp(ad, options);\r\n            }\r\n        }]);\r\n    }\r\n    }()\r\n</script></div></div></div><div>\r\n	<div class=\"Ueb6ac54de5fd6b9f8d8f952d88714346__within\" id=\"cnc_rectangle_480_1\">\r\n	</div>\r\n</div>\r\n</div><div class=\"clearfix\"><!--###--></div><div class=\"articleText bbtext subscription-bpz\" id=\"bbtext\"><p>Paní Květa Kottková je spolumajitelkou květinářství na Andělu v Praze a svou práci naprosto miluje.<em> „V květinářstvích mnohdy nedovolí zákazníkům vytahovat květiny z vody. Já ale rozhodně vytahování podporuji, protože pak si připadají, že květiny sami natrhali,“</em> směje se květinářka.</p>\r\n<h2>Růže, symbol lásky. Na co ale pozor?</h2>\r\n<p>Květa má i příznačné jméno a prozradila nám, že nejklasičtější květinou lásky je samozřejmě rudá růže. Žluté růže jsou znakem žárlivosti nebo nevěry, takže pozor na ně. A také jsem se dozvěděla, že tulipány mohou mít skrytý negativní podtext.</p>\r\n\r\n<h2>Význam tulipánů</h2>\r\n<p><em>„Nevím, kde se k tomu přišlo, ale někdy se říká, že dostaneš-li tulipán, znamená to, že jsi hloupá,“</em> prozradila Květa. Já jsem samozřejmě nelenila a moc mě zajímalo, co je na tom pravdy. Opravdu v historii bylo období, kdy se ti, kteří kupovali tulipány, nazývali hlupáky. V sedmnáctém století totiž nastala totální horečka po tulipánech a za jednu cibulku platili holandští boháči i domy. Pak nastal zlom, cena tulipánů prudce klesla, holandské hospodářství se dostalo do značných potíží a mnoho lidí skončilo na mizině. Označení ťulpas či ťululum odkazuje právě na hloupost lidí, kteří chtěli zázračně zbohatnout obchodováním s tulipány. Tradičně ovšem znamenal dar <strong>červených či žlutých tulipánů vyznání lásky</strong>. Černé středy květů měly vyjadřovat srdce sežehnuté touhou.</p>\r\n<p><em>„Myslím si, že nejdůležitější je dát ženě takové květiny, které má ráda, ty jí udělají největší radost. Proto by si každý muž měl zjistit, které to jsou,“</em> tvrdí Květa. Takže to, že si pánové budou pamatovat ty vaše oblíbené, vám jasně řekne, že jim na vás záleží. Takový muž je pozorný a chce vám udělat radost tou správnou květinou – právě pro vás!</p>    \r\n</div></div>', '<p>Ať už je to na MDŽ, svátek svatého Valentýna, První máj nebo v jakýkoli jiný den v roce, kdy vám váš partner přinese domů pugét či květinku pro radost, možná se vám snaží něco sdělit. Každá květina má svůj význam a promlouvá jím k vám. Jakou tedy nejlépe vybrat k vyznání lásky?</p>', 1),
(4, 3, 6, 'haha <3', '2023-03-18 21:44:54', '<p>jojo</p>', '<p>urcite</p>', 0),
(19, 2, 4, 'Skrytý význam květin. Chce se s vámi rozejít, nebo vám vyznat lásku?\r\n', '2023-03-18 13:40:33', '<div class=\"\">\r\n<div class=\"Ud5f8c786370f5434d68c23ae5c6eeba6\"><!-- ads | Desktop | rectangle_480_1 | article | blesk | pos: 8 --> <!-- GAM --> <!-- px2 medium_rectangle  -->\r\n<div>\r\n<div class=\"px-w-s-prozeny-blesk-cz-medium-rectangle\" data-visible=\"100\"><!-- req_id 1679142400-7762868146 -->\r\n<div class=\"px-creative\" data-id=\"72924\">&nbsp;</div>\r\n</div>\r\n</div>\r\n<div>\r\n<div id=\"cnc_rectangle_480_1\" class=\"Ueb6ac54de5fd6b9f8d8f952d88714346__within\"></div>\r\n</div>\r\n</div>\r\n<div class=\"clearfix\"><!--###--></div>\r\n<div id=\"bbtext\" class=\"articleText bbtext subscription-bpz\">\r\n<p>Pan&iacute; Květa Kottkov&aacute; je spolumajitelkou květin&aacute;řstv&iacute; na Andělu v Praze a svou pr&aacute;ci naprosto miluje.<em> &bdquo;V květin&aacute;řstv&iacute;ch mnohdy nedovol&iacute; z&aacute;kazn&iacute;kům vytahovat květiny z vody. J&aacute; ale rozhodně vytahov&aacute;n&iacute; podporuji, protože pak si připadaj&iacute;, že květiny sami natrhali,&ldquo;</em> směje se květin&aacute;řka.</p>\r\n<h2>Růže, symbol l&aacute;sky. Na co ale pozor?</h2>\r\n<p>Květa m&aacute; i př&iacute;značn&eacute; jm&eacute;no a prozradila n&aacute;m, že nejklasičtěj&scaron;&iacute; květinou l&aacute;sky je samozřejmě rud&aacute; růže. Žlut&eacute; růže jsou znakem ž&aacute;rlivosti nebo nevěry, takže pozor na ně. A tak&eacute; jsem se dozvěděla, že tulip&aacute;ny mohou m&iacute;t skryt&yacute; negativn&iacute; podtext.</p>\r\n<h2>V&yacute;znam tulip&aacute;nů</h2>\r\n<p><em>&bdquo;Nev&iacute;m, kde se k tomu při&scaron;lo, ale někdy se ř&iacute;k&aacute;, že dostane&scaron;-li tulip&aacute;n, znamen&aacute; to, že jsi hloup&aacute;,&ldquo;</em> prozradila Květa. J&aacute; jsem samozřejmě nelenila a moc mě zaj&iacute;malo, co je na tom pravdy. Opravdu v historii bylo obdob&iacute;, kdy se ti, kteř&iacute; kupovali tulip&aacute;ny, naz&yacute;vali hlup&aacute;ky. V sedmn&aacute;ct&eacute;m stolet&iacute; totiž nastala tot&aacute;ln&iacute; horečka po tulip&aacute;nech a za jednu cibulku platili holand&scaron;t&iacute; boh&aacute;či i domy. Pak nastal zlom, cena tulip&aacute;nů prudce klesla, holandsk&eacute; hospod&aacute;řstv&iacute; se dostalo do značn&yacute;ch pot&iacute;ž&iacute; a mnoho lid&iacute; skončilo na mizině. Označen&iacute; ťulpas či ťululum odkazuje pr&aacute;vě na hloupost lid&iacute;, kteř&iacute; chtěli z&aacute;zračně zbohatnout obchodov&aacute;n&iacute;m s tulip&aacute;ny. Tradičně ov&scaron;em znamenal dar <strong>červen&yacute;ch či žlut&yacute;ch tulip&aacute;nů vyzn&aacute;n&iacute; l&aacute;sky</strong>. Čern&eacute; středy květů měly vyjadřovat srdce sežehnut&eacute; touhou.</p>\r\n<p><em>&bdquo;Mysl&iacute;m si, že nejdůležitěj&scaron;&iacute; je d&aacute;t ženě takov&eacute; květiny, kter&eacute; m&aacute; r&aacute;da, ty j&iacute; udělaj&iacute; největ&scaron;&iacute; radost. Proto by si každ&yacute; muž měl zjistit, kter&eacute; to jsou,&ldquo;</em> tvrd&iacute; Květa. Takže to, že si p&aacute;nov&eacute; budou pamatovat ty va&scaron;e obl&iacute;ben&eacute;, v&aacute;m jasně řekne, že jim na v&aacute;s z&aacute;lež&iacute;. Takov&yacute; muž je pozorn&yacute; a chce v&aacute;m udělat radost tou spr&aacute;vnou květinou &ndash; pr&aacute;vě pro v&aacute;s!</p>\r\n</div>\r\n</div>', '<p>Ať už je to na MDŽ, sv&aacute;tek svat&eacute;ho Valent&yacute;na, Prvn&iacute; m&aacute;j nebo v jak&yacute;koli jin&yacute; den v roce, kdy v&aacute;m v&aacute;&scaron; partner přinese domů pug&eacute;t či květinku pro radost, možn&aacute; se v&aacute;m snaž&iacute; něco sdělit. Každ&aacute; květina m&aacute; svůj v&yacute;znam a promlouv&aacute; j&iacute;m k v&aacute;m. Jakou tedy nejl&eacute;pe vybrat k vyzn&aacute;n&iacute; l&aacute;sky?</p>', 1),
(20, 1, 1, 'Jan Kameníček: 3 zásadní trendy v IT tak určitěYY', '2023-03-18 12:43:45', '<div class=\"vc_col-sm-3/5 wpb_column vc_column_container\">\r\n<div class=\"vc_column-inner us_custom_735b77a3\">\r\n<div class=\"wpb_wrapper\">\r\n<div class=\"w-post-elm post_content us_custom_211054ed\">\r\n<p>Na současn&eacute; IT dopad&aacute; řada extern&iacute;ch vlivů, kter&eacute; z&aacute;sadn&iacute;m způsobem ovlivňuj&iacute; jeho současnou podobu. Jan Kamen&iacute;ček, gener&aacute;ln&iacute; ředitel HPE v Česku, identifikoval tři nejdůležitěj&scaron;&iacute; (a vz&aacute;jemně propojen&eacute;) trendy, kter&eacute; o sobě už v současnosti d&aacute;vaj&iacute; silně vědět. Proč by měly firmy okamžitě přej&iacute;t na kontejnerov&eacute; aplikace, jak&eacute; posuny slibuje uměl&aacute; inteligence a jak se proměňuje pr&aacute;ce s daty, se dozv&iacute;te v nejnověj&scaron;&iacute;m čl&aacute;nku.</p>\r\n<p><strong>Kontejnerizace usnadňuje testov&aacute;n&iacute;, běh i update aplikac&iacute;</strong></p>\r\n<p><em>&bdquo;Jeden z nejv&yacute;znamněj&scaron;&iacute;ch trendů v IT, kter&yacute; prob&iacute;h&aacute; u v&scaron;ech velk&yacute;ch hr&aacute;čů už nyn&iacute;, je bezpochyby změna způsobu, jak&yacute;m se p&iacute;&scaron;&iacute;, provozuj&iacute; a nasazuj&iacute; aplikace,&ldquo; </em>vysvětluje Jan Kamen&iacute;ček. Tento trend by se dal obecně označit jako kontejnerizace a s n&iacute; spojen&aacute; proměna kultury a procesn&iacute;ch sch&eacute;mat ve firmě.</p>\r\n<p><em>&bdquo;Kontejnerizace umožňuje velmi rychl&eacute; nasazov&aacute;n&iacute; aplikac&iacute;, testov&aacute;n&iacute; jednotliv&yacute;ch č&aacute;st&iacute; nebo jejich updaty klidně i na denn&iacute; b&aacute;zi bez nutnosti odst&aacute;vek syst&eacute;mu, což ve star&eacute;m modelu nebylo možn&eacute;,&ldquo;</em> popisuje v&yacute;hody Kamen&iacute;ček. Doprogramov&aacute;n&iacute; jak&eacute;koliv změny v dř&iacute;věj&scaron;&iacute;ch aplikac&iacute;ch vyžadovalo velmi opatrn&eacute; z&aacute;sahy do složit&eacute;ho k&oacute;du, komplexn&iacute; testov&aacute;n&iacute; cel&eacute;ho syst&eacute;mu a komplikovan&eacute; nasazen&iacute; &bdquo;aplikačn&iacute;ho monstra&ldquo; do zastaven&eacute;ho provozu. Dnes to ale funguje jinak.</p>\r\n<blockquote>\r\n<p>Jan Kamen&iacute;ček: Změna způsobu, jak&yacute;m se p&iacute;&scaron;&iacute;, provozuj&iacute; a nasazuj&iacute; aplikace. To je kontejnerizace.</p>\r\n</blockquote>\r\n<p>D&iacute;ky kontejnerizaci aplikac&iacute; lze dnes vyjmout a upravit konkr&eacute;tn&iacute; č&aacute;st aplikace bez toho, aby byl provoz firmy nějak ohrožen. I proto dnes v&scaron;echny vět&scaron;&iacute; firmy přev&aacute;děj&iacute; alespoň č&aacute;st sv&eacute;ho provozu do kontejnerov&eacute; platformy. Ide&aacute;ln&iacute; je dnes m&iacute;t souběh původn&iacute;ch &bdquo;legacy&ldquo; aplikac&iacute; s těmi nov&yacute;mi, protože ne v&scaron;echny aplikace dnes d&aacute;v&aacute; smysl provozovat ve formě kontejnerů.</p>\r\n<p><strong>Uměl&aacute; inteligence dnes předv&aacute;d&iacute; zlomek toho, co um&iacute;</strong></p>\r\n<p><em>&bdquo;ChatGPT ned&aacute;vno i &scaron;irok&eacute; veřejnosti naznačil, jak&eacute; možnosti v sobě skr&yacute;v&aacute; uměl&aacute; inteligence a jak dok&aacute;že poměrně brilantně pom&aacute;hat v různ&yacute;ch oborech. A to je teprve zač&aacute;tek. Jde jen o jakousi testovac&iacute; &sbquo;ochutn&aacute;vku&lsquo; &scaron;irok&yacute;ch možnost&iacute; AI. Až d&iacute;ky medializaci projektu OpenAI lid&eacute; pochopili, že bude uměl&aacute; inteligence zefektivňovat, nebo dokonce nahrazovat někter&eacute; lidsk&eacute; činnosti,&ldquo;</em> popisuje se zaujet&iacute;m Jan Kamen&iacute;ček.</p>\r\n<p>Uměl&aacute; inteligence se nav&iacute;c neust&aacute;le zdokonaluje a uč&iacute; každ&yacute;m nov&yacute;m dotazem od každ&eacute;ho ze sv&yacute;ch uživatelů. V kombinaci s informacemi z&iacute;skan&yacute;mi z otevřen&eacute;ho internetu nebude trvat dlouho, než bude jej&iacute; činnost v mnoha oborech t&eacute;měř dokonal&aacute;. Ale jedna z jej&iacute;ch slabin je např&iacute;klad značn&yacute; v&yacute;početn&iacute; v&yacute;kon, kter&yacute; ke sv&eacute;mu provozu potřebuje. A zde se prom&iacute;t&aacute; dal&scaron;&iacute; d&iacute;lč&iacute; trend, kter&yacute;m je n&aacute;stup superpoč&iacute;tačů.</p>\r\n<p><strong>Pr&aacute;ce s daty bude z&aacute;kladem v&scaron;eho</strong></p>\r\n<p>Se superpoč&iacute;tači a umělou inteligenc&iacute; jde ruku v ruce i st&aacute;le vět&scaron;&iacute; důraz na efektivn&iacute; pr&aacute;ci s daty, bez kter&eacute; se ž&aacute;dn&aacute; velk&aacute; firma v současnosti neobejde.<em> &bdquo;Doned&aacute;vna jsme s daty pracovali prim&aacute;rně v datab&aacute;z&iacute;ch,&ldquo; </em>popisuje Kamen&iacute;ček. <em>&bdquo;Vzali jsme data, strukturovaně jsme je dali do vybran&eacute;ho form&aacute;tu a pot&eacute; jsme v nich ručně nebo poloautomatizovaně hledali nějak&eacute; vzorce podle kl&iacute;če, kter&yacute; jsme si zrovna vybrali. Vět&scaron;ina firem v&scaron;ak nebyla schopn&aacute; tato data využ&iacute;vat efektivně a operativně se podle nich v re&aacute;ln&eacute;m čase zař&iacute;dit.&ldquo;</em></p>\r\n<blockquote>\r\n<p><em>Predikce, sledov&aacute;n&iacute; trendů a optimalizace jsou &uacute;kony, se kter&yacute;mi si uměl&aacute; inteligence superpoč&iacute;tačů pracuj&iacute;c&iacute; s daty porad&iacute; l&eacute;pe a rychleji než lidsk&yacute; mozek.</em></p>\r\n</blockquote>\r\n<p>Existuj&iacute; v&scaron;ak i &bdquo;světl&eacute; v&yacute;jimky&ldquo;, kter&eacute; byly schopn&eacute; využ&iacute;vat umělou inteligenci už dř&iacute;ve a prakticky si na n&iacute; založily svůj byznys. Jako př&iacute;klad takov&eacute; společnosti Jan Kamen&iacute;ček uv&aacute;d&iacute; Amazon, kter&yacute; dok&aacute;že poměrně přesně předpokl&aacute;dat, jak se v dan&eacute; č&aacute;sti světa v souvislosti na řadě extern&iacute;ch podnětů měn&iacute; popt&aacute;vka po konkr&eacute;tn&iacute;ch produktech.</p>\r\n<p><em>&bdquo;Tento trend č&iacute;m d&aacute;l v&iacute;c prostupuje celou společnost&iacute; a spr&aacute;vně využ&iacute;vat data um&iacute; č&iacute;m d&aacute;l v&iacute;c firem. HPE se tomuto trendu snaž&iacute; j&iacute;t naproti stavbou extr&eacute;mně v&yacute;konn&yacute;ch superpoč&iacute;tačů pro zpracov&aacute;n&iacute; dat. V minul&eacute;m roce </em><em>jsme postavili prvn&iacute; exascale poč&iacute;tač, kter&yacute; zvl&aacute;dne 10<sup>18</sup> Floating-point operac&iacute; za vteřinu. Kdyby v&scaron;ichni lid&eacute; na planetě dělali jednu transakci za sekundu, stihnou za &scaron;est let to, co tahle ma&scaron;ina provede &scaron;edes&aacute;tkr&aacute;t do minuty.</em> <em>To je obrovsk&aacute; v&yacute;početn&iacute; s&iacute;la. Predikce, sledov&aacute;n&iacute; trendů a optimalizace jsou &uacute;kony, se kter&yacute;mi si uměl&aacute; inteligence superpoč&iacute;tačů pracuj&iacute;c&iacute; s daty porad&iacute; l&eacute;pe a rychleji než lidsk&yacute; mozek,</em>&ldquo; uzav&iacute;r&aacute; Jan Kamen&iacute;ček.</p>\r\n</div>\r\n</div>\r\n</div>\r\n</div>', '<p>Kontejnerizace aplikac&iacute;, uměl&aacute; inteligence či pr&aacute;ce s daty s využit&iacute;m superpoč&iacute;tačů &ndash; trendy, kter&eacute; h&yacute;bou IT světem</p>', 1),
(21, 1, 1, 'Jan Kameníček: 3 zásadní trendy v IT tak určitěYYABC', '2023-03-18 12:43:45', '<div class=\"vc_col-sm-3/5 wpb_column vc_column_container\">\r\n<div class=\"vc_column-inner us_custom_735b77a3\">\r\n<div class=\"wpb_wrapper\">\r\n<div class=\"w-post-elm post_content us_custom_211054ed\">\r\n<p>Na současn&eacute; IT dopad&aacute; řada extern&iacute;ch vlivů, kter&eacute; z&aacute;sadn&iacute;m způsobem ovlivňuj&iacute; jeho současnou podobu. Jan Kamen&iacute;ček, gener&aacute;ln&iacute; ředitel HPE v Česku, identifikoval tři nejdůležitěj&scaron;&iacute; (a vz&aacute;jemně propojen&eacute;) trendy, kter&eacute; o sobě už v současnosti d&aacute;vaj&iacute; silně vědět. Proč by měly firmy okamžitě přej&iacute;t na kontejnerov&eacute; aplikace, jak&eacute; posuny slibuje uměl&aacute; inteligence a jak se proměňuje pr&aacute;ce s daty, se dozv&iacute;te v nejnověj&scaron;&iacute;m čl&aacute;nku.</p>\r\n<p><strong>Kontejnerizace usnadňuje testov&aacute;n&iacute;, běh i update aplikac&iacute;</strong></p>\r\n<p><em>&bdquo;Jeden z nejv&yacute;znamněj&scaron;&iacute;ch trendů v IT, kter&yacute; prob&iacute;h&aacute; u v&scaron;ech velk&yacute;ch hr&aacute;čů už nyn&iacute;, je bezpochyby změna způsobu, jak&yacute;m se p&iacute;&scaron;&iacute;, provozuj&iacute; a nasazuj&iacute; aplikace,&ldquo; </em>vysvětluje Jan Kamen&iacute;ček. Tento trend by se dal obecně označit jako kontejnerizace a s n&iacute; spojen&aacute; proměna kultury a procesn&iacute;ch sch&eacute;mat ve firmě.</p>\r\n<p><em>&bdquo;Kontejnerizace umožňuje velmi rychl&eacute; nasazov&aacute;n&iacute; aplikac&iacute;, testov&aacute;n&iacute; jednotliv&yacute;ch č&aacute;st&iacute; nebo jejich updaty klidně i na denn&iacute; b&aacute;zi bez nutnosti odst&aacute;vek syst&eacute;mu, což ve star&eacute;m modelu nebylo možn&eacute;,&ldquo;</em> popisuje v&yacute;hody Kamen&iacute;ček. Doprogramov&aacute;n&iacute; jak&eacute;koliv změny v dř&iacute;věj&scaron;&iacute;ch aplikac&iacute;ch vyžadovalo velmi opatrn&eacute; z&aacute;sahy do složit&eacute;ho k&oacute;du, komplexn&iacute; testov&aacute;n&iacute; cel&eacute;ho syst&eacute;mu a komplikovan&eacute; nasazen&iacute; &bdquo;aplikačn&iacute;ho monstra&ldquo; do zastaven&eacute;ho provozu. Dnes to ale funguje jinak.</p>\r\n<blockquote>\r\n<p>Jan Kamen&iacute;ček: Změna způsobu, jak&yacute;m se p&iacute;&scaron;&iacute;, provozuj&iacute; a nasazuj&iacute; aplikace. To je kontejnerizace.</p>\r\n</blockquote>\r\n<p>D&iacute;ky kontejnerizaci aplikac&iacute; lze dnes vyjmout a upravit konkr&eacute;tn&iacute; č&aacute;st aplikace bez toho, aby byl provoz firmy nějak ohrožen. I proto dnes v&scaron;echny vět&scaron;&iacute; firmy přev&aacute;děj&iacute; alespoň č&aacute;st sv&eacute;ho provozu do kontejnerov&eacute; platformy. Ide&aacute;ln&iacute; je dnes m&iacute;t souběh původn&iacute;ch &bdquo;legacy&ldquo; aplikac&iacute; s těmi nov&yacute;mi, protože ne v&scaron;echny aplikace dnes d&aacute;v&aacute; smysl provozovat ve formě kontejnerů.</p>\r\n<p><strong>Uměl&aacute; inteligence dnes předv&aacute;d&iacute; zlomek toho, co um&iacute;</strong></p>\r\n<p><em>&bdquo;ChatGPT ned&aacute;vno i &scaron;irok&eacute; veřejnosti naznačil, jak&eacute; možnosti v sobě skr&yacute;v&aacute; uměl&aacute; inteligence a jak dok&aacute;že poměrně brilantně pom&aacute;hat v různ&yacute;ch oborech. A to je teprve zač&aacute;tek. Jde jen o jakousi testovac&iacute; &sbquo;ochutn&aacute;vku&lsquo; &scaron;irok&yacute;ch možnost&iacute; AI. Až d&iacute;ky medializaci projektu OpenAI lid&eacute; pochopili, že bude uměl&aacute; inteligence zefektivňovat, nebo dokonce nahrazovat někter&eacute; lidsk&eacute; činnosti,&ldquo;</em> popisuje se zaujet&iacute;m Jan Kamen&iacute;ček.</p>\r\n<p>Uměl&aacute; inteligence se nav&iacute;c neust&aacute;le zdokonaluje a uč&iacute; každ&yacute;m nov&yacute;m dotazem od každ&eacute;ho ze sv&yacute;ch uživatelů. V kombinaci s informacemi z&iacute;skan&yacute;mi z otevřen&eacute;ho internetu nebude trvat dlouho, než bude jej&iacute; činnost v mnoha oborech t&eacute;měř dokonal&aacute;. Ale jedna z jej&iacute;ch slabin je např&iacute;klad značn&yacute; v&yacute;početn&iacute; v&yacute;kon, kter&yacute; ke sv&eacute;mu provozu potřebuje. A zde se prom&iacute;t&aacute; dal&scaron;&iacute; d&iacute;lč&iacute; trend, kter&yacute;m je n&aacute;stup superpoč&iacute;tačů.</p>\r\n<p><strong>Pr&aacute;ce s daty bude z&aacute;kladem v&scaron;eho</strong></p>\r\n<p>Se superpoč&iacute;tači a umělou inteligenc&iacute; jde ruku v ruce i st&aacute;le vět&scaron;&iacute; důraz na efektivn&iacute; pr&aacute;ci s daty, bez kter&eacute; se ž&aacute;dn&aacute; velk&aacute; firma v současnosti neobejde.<em> &bdquo;Doned&aacute;vna jsme s daty pracovali prim&aacute;rně v datab&aacute;z&iacute;ch,&ldquo; </em>popisuje Kamen&iacute;ček. <em>&bdquo;Vzali jsme data, strukturovaně jsme je dali do vybran&eacute;ho form&aacute;tu a pot&eacute; jsme v nich ručně nebo poloautomatizovaně hledali nějak&eacute; vzorce podle kl&iacute;če, kter&yacute; jsme si zrovna vybrali. Vět&scaron;ina firem v&scaron;ak nebyla schopn&aacute; tato data využ&iacute;vat efektivně a operativně se podle nich v re&aacute;ln&eacute;m čase zař&iacute;dit.&ldquo;</em></p>\r\n<blockquote>\r\n<p><em>Predikce, sledov&aacute;n&iacute; trendů a optimalizace jsou &uacute;kony, se kter&yacute;mi si uměl&aacute; inteligence superpoč&iacute;tačů pracuj&iacute;c&iacute; s daty porad&iacute; l&eacute;pe a rychleji než lidsk&yacute; mozek.</em></p>\r\n</blockquote>\r\n<p>Existuj&iacute; v&scaron;ak i &bdquo;světl&eacute; v&yacute;jimky&ldquo;, kter&eacute; byly schopn&eacute; využ&iacute;vat umělou inteligenci už dř&iacute;ve a prakticky si na n&iacute; založily svůj byznys. Jako př&iacute;klad takov&eacute; společnosti Jan Kamen&iacute;ček uv&aacute;d&iacute; Amazon, kter&yacute; dok&aacute;že poměrně přesně předpokl&aacute;dat, jak se v dan&eacute; č&aacute;sti světa v souvislosti na řadě extern&iacute;ch podnětů měn&iacute; popt&aacute;vka po konkr&eacute;tn&iacute;ch produktech.</p>\r\n<p><em>&bdquo;Tento trend č&iacute;m d&aacute;l v&iacute;c prostupuje celou společnost&iacute; a spr&aacute;vně využ&iacute;vat data um&iacute; č&iacute;m d&aacute;l v&iacute;c firem. HPE se tomuto trendu snaž&iacute; j&iacute;t naproti stavbou extr&eacute;mně v&yacute;konn&yacute;ch superpoč&iacute;tačů pro zpracov&aacute;n&iacute; dat. V minul&eacute;m roce </em><em>jsme postavili prvn&iacute; exascale poč&iacute;tač, kter&yacute; zvl&aacute;dne 10<sup>18</sup> Floating-point operac&iacute; za vteřinu. Kdyby v&scaron;ichni lid&eacute; na planetě dělali jednu transakci za sekundu, stihnou za &scaron;est let to, co tahle ma&scaron;ina provede &scaron;edes&aacute;tkr&aacute;t do minuty.</em> <em>To je obrovsk&aacute; v&yacute;početn&iacute; s&iacute;la. Predikce, sledov&aacute;n&iacute; trendů a optimalizace jsou &uacute;kony, se kter&yacute;mi si uměl&aacute; inteligence superpoč&iacute;tačů pracuj&iacute;c&iacute; s daty porad&iacute; l&eacute;pe a rychleji než lidsk&yacute; mozek,</em>&ldquo; uzav&iacute;r&aacute; Jan Kamen&iacute;ček.</p>\r\n</div>\r\n</div>\r\n</div>\r\n</div>', '<p>Kontejnerizace aplikac&iacute;, uměl&aacute; inteligence či pr&aacute;ce s daty s využit&iacute;m superpoč&iacute;tačů &ndash; trendy, kter&eacute; h&yacute;bou IT světem</p>', 1),
(28, 10, 1, 'Je to pravda xd', '2023-04-04 23:28:17', '<p>adada</p>', '<p>dadadada</p>', 0);

--
-- Klíče pro exportované tabulky
--

--
-- Klíče pro tabulku `tbAuthors`
--
ALTER TABLE `tbAuthors`
  ADD PRIMARY KEY (`Id`);

--
-- Klíče pro tabulku `tbCategories`
--
ALTER TABLE `tbCategories`
  ADD PRIMARY KEY (`Id`);

--
-- Klíče pro tabulku `tbPost`
--
ALTER TABLE `tbPost`
  ADD PRIMARY KEY (`Id`),
  ADD KEY `fg_auth` (`IdAuthor`),
  ADD KEY `fg_cat` (`IdCategory`);

--
-- AUTO_INCREMENT pro tabulky
--

--
-- AUTO_INCREMENT pro tabulku `tbAuthors`
--
ALTER TABLE `tbAuthors`
  MODIFY `Id` int(11) NOT NULL AUTO_INCREMENT, AUTO_INCREMENT=18;

--
-- AUTO_INCREMENT pro tabulku `tbCategories`
--
ALTER TABLE `tbCategories`
  MODIFY `Id` int(11) NOT NULL AUTO_INCREMENT, AUTO_INCREMENT=14;

--
-- AUTO_INCREMENT pro tabulku `tbPost`
--
ALTER TABLE `tbPost`
  MODIFY `Id` int(11) NOT NULL AUTO_INCREMENT, AUTO_INCREMENT=34;

--
-- Omezení pro exportované tabulky
--

--
-- Omezení pro tabulku `tbPost`
--
ALTER TABLE `tbPost`
  ADD CONSTRAINT `fg_auth` FOREIGN KEY (`IdAuthor`) REFERENCES `tbAuthors` (`Id`) ON UPDATE CASCADE,
  ADD CONSTRAINT `fg_cat` FOREIGN KEY (`IdCategory`) REFERENCES `tbCategories` (`Id`) ON UPDATE CASCADE;
COMMIT;

/*!40101 SET CHARACTER_SET_CLIENT=@OLD_CHARACTER_SET_CLIENT */;
/*!40101 SET CHARACTER_SET_RESULTS=@OLD_CHARACTER_SET_RESULTS */;
/*!40101 SET COLLATION_CONNECTION=@OLD_COLLATION_CONNECTION */;
